PerÃ­odo : 01.09.2023 - 31.08.2024,

Socio,Rango
1009,Entre 25.000 y 30.000
1010,Entre 37.500 y 40.000
1011,Entre 50.000 y 60.000
1012,Entre 37.500 y 40.000
1013,Entre 40.000 y 50.000
1014,Entre 25.000 y 30.000
1016,Entre 30.000 y 35.000
1017,Entre 40.000 y 50.000
1018,Entre 37.500 y 40.000
1020,Entre 40.000 y 50.000
1021,Entre 60.000 y 85.000
1022,Entre 30.000 y 35.000
1024,Entre 35.000 y 37.500
1025,Entre 50.000 y 60.000
1027,Entre 40.000 y 50.000
1028,Entre 60.000 y 85.000
1029,Entre 40.000 y 50.000
1031,Entre 30.000 y 35.000
1032,Entre 40.000 y 50.000
1033,Entre 40.000 y 50.000
1034,Entre 40.000 y 50.000
1037,Menos de 20.000
1038,Entre 37.500 y 40.000
1039,Entre 50.000 y 60.000
1041,Entre 40.000 y 50.000
1042,Entre 40.000 y 50.000
1043,Entre 40.000 y 50.000
1044,Entre 60.000 y 85.000
1045,Entre 40.000 y 50.000
1046,Entre 35.000 y 37.500
1047,Entre 40.000 y 50.000
1048,Entre 35.000 y 37.500
1049,Entre 60.000 y 85.000
1050,Entre 40.000 y 50.000
1051,Entre 40.000 y 50.000
1052,Entre 60.000 y 85.000
1053,Entre 37.500 y 40.000
1054,Entre 35.000 y 37.500
1055,Entre 37.500 y 40.000
1056,Entre 25.000 y 30.000
1057,Entre 30.000 y 35.000
1058,Entre 40.000 y 50.000
1059,Entre 40.000 y 50.000
1060,Entre 35.000 y 37.500
1061,Entre 37.500 y 40.000
1062,Entre 40.000 y 50.000
1063,Entre 37.500 y 40.000
1064,Entre 37.500 y 40.000
1065,Entre 60.000 y 85.000
1067,Entre 37.500 y 40.000
1068,Entre 40.000 y 50.000
1069,Entre 20.000 y 25.000
1070,Entre 40.000 y 50.000
1072,Entre 37.500 y 40.000
1073,Entre 40.000 y 50.000
1074,Entre 40.000 y 50.000
1076,Entre 40.000 y 50.000
1077,Entre 37.500 y 40.000
1079,Entre 40.000 y 50.000
1081,Entre 37.500 y 40.000
1082,Entre 37.500 y 40.000
1083,Entre 37.500 y 40.000
1085,Entre 40.000 y 50.000
1086,Entre 40.000 y 50.000
1088,Entre 40.000 y 50.000
1089,Entre 37.500 y 40.000
1090,Entre 30.000 y 35.000
1091,Entre 40.000 y 50.000
1092,Entre 40.000 y 50.000
1095,Entre 40.000 y 50.000
1096,Menos de 20.000
1097,Entre 50.000 y 60.000
1098,Entre 40.000 y 50.000
1099,Entre 40.000 y 50.000
1100,Menos de 20.000
1102,Entre 20.000 y 25.000
1103,Entre 20.000 y 25.000
1105,Entre 37.500 y 40.000
1106,Entre 40.000 y 50.000
1108,Entre 60.000 y 85.000
1111,Entre 30.000 y 35.000
1112,Entre 40.000 y 50.000
1113,Entre 40.000 y 50.000
1114,Entre 60.000 y 85.000
1115,Entre 40.000 y 50.000
1116,Entre 40.000 y 50.000
1117,Entre 35.000 y 37.500
1118,Entre 60.000 y 85.000
1119,Entre 30.000 y 35.000
1123,Entre 40.000 y 50.000
1124,Entre 35.000 y 37.500
1126,Entre 40.000 y 50.000
1127,Entre 60.000 y 85.000
1128,Entre 35.000 y 37.500
1129,Entre 60.000 y 85.000
1130,Menos de 20.000
1131,Entre 30.000 y 35.000
1132,Entre 60.000 y 85.000
1133,Entre 30.000 y 35.000
1134,Entre 40.000 y 50.000
1135,Entre 20.000 y 25.000
1137,Entre 35.000 y 37.500
1138,Entre 40.000 y 50.000
1139,Entre 40.000 y 50.000
1140,Entre 40.000 y 50.000
1142,Entre 40.000 y 50.000
1143,Entre 40.000 y 50.000
1144,Entre 30.000 y 35.000
1145,Entre 40.000 y 50.000
1146,Entre 60.000 y 85.000
1147,Entre 40.000 y 50.000
1148,Entre 37.500 y 40.000
1149,Entre 40.000 y 50.000
1150,Entre 37.500 y 40.000
1151,Entre 35.000 y 37.500
1152,Entre 40.000 y 50.000
1153,Entre 37.500 y 40.000
1154,Entre 30.000 y 35.000
1155,Entre 40.000 y 50.000
1156,Entre 37.500 y 40.000
1157,Entre 60.000 y 85.000
1159,Entre 20.000 y 25.000
1160,Entre 35.000 y 37.500
1161,Entre 20.000 y 25.000
1162,Entre 20.000 y 25.000
1163,Entre 35.000 y 37.500
1164,Entre 40.000 y 50.000
1165,Entre 37.500 y 40.000
1166,Entre 37.500 y 40.000
1167,Entre 60.000 y 85.000
1168,Entre 35.000 y 37.500
1171,Entre 40.000 y 50.000
1172,Entre 35.000 y 37.500
1173,Entre 40.000 y 50.000
1174,Entre 37.500 y 40.000
1175,Entre 35.000 y 37.500
1176,Entre 30.000 y 35.000
1177,Entre 40.000 y 50.000
1178,Entre 30.000 y 35.000
1179,Entre 20.000 y 25.000
1180,Entre 40.000 y 50.000
1183,Entre 40.000 y 50.000
1184,Menos de 20.000
1185,Entre 40.000 y 50.000
1186,Entre 37.500 y 40.000
1187,Entre 40.000 y 50.000
1188,Entre 37.500 y 40.000
1189,Entre 35.000 y 37.500
1190,Entre 40.000 y 50.000
1191,Entre 40.000 y 50.000
1192,Entre 40.000 y 50.000
1193,Entre 40.000 y 50.000
1194,Entre 40.000 y 50.000
1195,Entre 35.000 y 37.500
1196,Menos de 20.000
1197,Entre 35.000 y 37.500
1199,Entre 30.000 y 35.000
1200,Entre 35.000 y 37.500
1201,Entre 37.500 y 40.000
1202,Entre 20.000 y 25.000
1204,Entre 30.000 y 35.000
1206,Entre 25.000 y 30.000
1207,Entre 20.000 y 25.000
1208,Entre 40.000 y 50.000
1211,Entre 20.000 y 25.000
1213,Entre 60.000 y 85.000
1215,Entre 37.500 y 40.000
1216,Entre 37.500 y 40.000
1217,Entre 60.000 y 85.000
1218,Entre 40.000 y 50.000
1219,Entre 37.500 y 40.000
1221,Entre 50.000 y 60.000
1222,Menos de 20.000
1223,Entre 35.000 y 37.500
1224,Entre 30.000 y 35.000
1225,Entre 25.000 y 30.000
1226,Entre 40.000 y 50.000
1227,Entre 40.000 y 50.000
1228,Entre 35.000 y 37.500
1229,Entre 40.000 y 50.000
1231,Entre 40.000 y 50.000
1232,Entre 40.000 y 50.000
1233,Entre 37.500 y 40.000
1234,Entre 30.000 y 35.000
1235,Entre 60.000 y 85.000
1237,Entre 35.000 y 37.500
1238,Entre 20.000 y 25.000
1239,Entre 40.000 y 50.000
1240,Entre 20.000 y 25.000
1241,Entre 35.000 y 37.500
1242,Entre 40.000 y 50.000
1243,Entre 40.000 y 50.000
1245,Menos de 20.000
1246,Entre 35.000 y 37.500
1247,Entre 25.000 y 30.000
1249,Menos de 20.000
1250,Entre 35.000 y 37.500
1251,Entre 35.000 y 37.500
1252,Entre 37.500 y 40.000
1253,Entre 35.000 y 37.500
1254,Entre 35.000 y 37.500
1255,Entre 35.000 y 37.500
1257,Entre 37.500 y 40.000
1258,Entre 25.000 y 30.000
1259,Entre 35.000 y 37.500
1260,Entre 35.000 y 37.500
1261,Entre 40.000 y 50.000
1262,Entre 40.000 y 50.000
1263,Entre 20.000 y 25.000
1264,Entre 37.500 y 40.000
1265,Entre 35.000 y 37.500
1266,Entre 30.000 y 35.000
1267,Entre 37.500 y 40.000
1269,Entre 40.000 y 50.000
1270,Entre 40.000 y 50.000
1271,Entre 37.500 y 40.000
1272,Entre 30.000 y 35.000
1273,Entre 25.000 y 30.000
1274,Entre 40.000 y 50.000
1275,Entre 35.000 y 37.500
1276,Entre 40.000 y 50.000
1277,Entre 40.000 y 50.000
1278,Entre 40.000 y 50.000
1279,Entre 40.000 y 50.000
1280,Entre 35.000 y 37.500
1281,Entre 30.000 y 35.000
1283,Menos de 20.000
1285,Menos de 20.000
1287,Entre 40.000 y 50.000
1288,Entre 40.000 y 50.000
1289,Entre 40.000 y 50.000
1290,Entre 40.000 y 50.000
1291,Entre 40.000 y 50.000
1292,Entre 40.000 y 50.000
1293,Entre 40.000 y 50.000
1295,Entre 35.000 y 37.500
1297,Entre 20.000 y 25.000
1298,Entre 40.000 y 50.000
1300,Entre 35.000 y 37.500
1301,Entre 20.000 y 25.000
1302,Entre 25.000 y 30.000
1303,Entre 40.000 y 50.000
1304,Entre 30.000 y 35.000
1305,Entre 40.000 y 50.000
1306,Entre 40.000 y 50.000
1307,Menos de 20.000
1309,Menos de 20.000
1311,Entre 40.000 y 50.000
1313,Entre 37.500 y 40.000
1314,Entre 25.000 y 30.000
1316,Entre 25.000 y 30.000
1318,Entre 20.000 y 25.000
1319,Entre 40.000 y 50.000
1320,Entre 35.000 y 37.500
1321,Entre 25.000 y 30.000
1322,Entre 37.500 y 40.000
1324,Entre 25.000 y 30.000
1325,Entre 35.000 y 37.500
1329,Menos de 20.000
1330,Entre 40.000 y 50.000
1331,Entre 25.000 y 30.000
1332,Entre 30.000 y 35.000
1334,Entre 40.000 y 50.000
1335,Entre 30.000 y 35.000
1336,Entre 40.000 y 50.000
1337,Entre 40.000 y 50.000
1338,Entre 40.000 y 50.000
1339,Entre 40.000 y 50.000
1340,Entre 40.000 y 50.000
1341,Entre 40.000 y 50.000
1342,Entre 40.000 y 50.000
1343,Entre 30.000 y 35.000
1344,Entre 40.000 y 50.000
1345,Entre 40.000 y 50.000
1346,Menos de 20.000
1347,Entre 37.500 y 40.000
1348,Entre 40.000 y 50.000
1349,Entre 35.000 y 37.500
1350,Entre 40.000 y 50.000
1351,Entre 40.000 y 50.000
1352,Entre 40.000 y 50.000
1354,Entre 50.000 y 60.000
1356,Entre 35.000 y 37.500
1357,Entre 37.500 y 40.000
1358,Menos de 20.000
1360,Menos de 20.000
1361,Entre 40.000 y 50.000
1362,Menos de 20.000
1363,Entre 35.000 y 37.500
1364,Entre 20.000 y 25.000
1367,Entre 40.000 y 50.000
1368,Entre 25.000 y 30.000
1369,Entre 40.000 y 50.000
1370,Entre 40.000 y 50.000
1372,Entre 35.000 y 37.500
1373,Menos de 20.000
1374,Entre 30.000 y 35.000
1375,Entre 30.000 y 35.000
1376,Entre 35.000 y 37.500
1377,Entre 40.000 y 50.000
1378,Entre 35.000 y 37.500
1379,Entre 37.500 y 40.000
1382,Entre 60.000 y 85.000
1383,Entre 30.000 y 35.000
1384,Entre 40.000 y 50.000
1385,Entre 20.000 y 25.000
1386,Entre 30.000 y 35.000
1387,Entre 50.000 y 60.000
1388,Menos de 20.000
1390,Menos de 20.000
1391,Entre 25.000 y 30.000
1392,Entre 30.000 y 35.000
1393,Entre 25.000 y 30.000
1394,Entre 30.000 y 35.000
1395,Entre 20.000 y 25.000
1396,Entre 40.000 y 50.000
1397,Entre 20.000 y 25.000
1399,Entre 30.000 y 35.000
1400,Entre 35.000 y 37.500
1401,Entre 40.000 y 50.000
1402,Entre 40.000 y 50.000
1403,Entre 35.000 y 37.500
1404,Entre 40.000 y 50.000
1405,Entre 37.500 y 40.000
1406,Menos de 20.000
1407,Entre 40.000 y 50.000
1408,Entre 25.000 y 30.000
1409,Entre 40.000 y 50.000
1410,Entre 35.000 y 37.500
1411,Entre 35.000 y 37.500
1412,Entre 25.000 y 30.000
1413,Entre 25.000 y 30.000
1415,Entre 37.500 y 40.000
1416,Entre 35.000 y 37.500
1417,Entre 35.000 y 37.500
1419,Entre 40.000 y 50.000
1420,Entre 35.000 y 37.500
1421,Entre 40.000 y 50.000
1422,Entre 37.500 y 40.000
1425,Entre 37.500 y 40.000
1426,Entre 30.000 y 35.000
1427,Entre 40.000 y 50.000
1428,Entre 35.000 y 37.500
1429,Entre 37.500 y 40.000
1430,Entre 37.500 y 40.000
1431,Entre 30.000 y 35.000
1432,Entre 40.000 y 50.000
1433,Entre 35.000 y 37.500
1434,Entre 30.000 y 35.000
1435,Entre 35.000 y 37.500
1436,Entre 30.000 y 35.000
1437,Entre 37.500 y 40.000
1438,Entre 37.500 y 40.000
1439,Entre 40.000 y 50.000
1440,Entre 37.500 y 40.000
1441,Entre 30.000 y 35.000
1442,Entre 20.000 y 25.000
1443,Entre 37.500 y 40.000
1444,Entre 40.000 y 50.000
1445,Entre 37.500 y 40.000
1446,Entre 40.000 y 50.000
1447,Entre 20.000 y 25.000
1448,Entre 30.000 y 35.000
1449,Entre 35.000 y 37.500
1450,Entre 35.000 y 37.500
1451,Entre 40.000 y 50.000
1452,Menos de 20.000
1453,Entre 40.000 y 50.000
1454,Entre 20.000 y 25.000
1455,Entre 35.000 y 37.500
1456,Entre 37.500 y 40.000
1457,Entre 40.000 y 50.000
1460,Entre 40.000 y 50.000
1461,Entre 30.000 y 35.000
1462,Entre 35.000 y 37.500
1464,Entre 35.000 y 37.500
1465,Entre 35.000 y 37.500
1466,Entre 35.000 y 37.500
1467,Menos de 20.000
1468,Entre 35.000 y 37.500
1469,Entre 30.000 y 35.000
1471,Menos de 20.000
1472,Entre 25.000 y 30.000
1473,Entre 40.000 y 50.000
1474,Entre 35.000 y 37.500
1475,Entre 37.500 y 40.000
1476,Entre 35.000 y 37.500
1477,Entre 35.000 y 37.500
1478,Entre 37.500 y 40.000
1479,Entre 37.500 y 40.000
1480,Entre 40.000 y 50.000
1481,Entre 35.000 y 37.500
1483,Entre 40.000 y 50.000
1485,Entre 30.000 y 35.000
1486,Entre 20.000 y 25.000
1487,Entre 40.000 y 50.000
1488,Entre 35.000 y 37.500
1491,Entre 37.500 y 40.000
1492,Entre 35.000 y 37.500
1493,Entre 35.000 y 37.500
1494,Menos de 20.000
1495,Menos de 20.000
1497,Entre 35.000 y 37.500
1498,Entre 35.000 y 37.500
1499,Entre 37.500 y 40.000
1500,Entre 35.000 y 37.500
1501,Entre 40.000 y 50.000
1503,Entre 30.000 y 35.000
1506,Entre 40.000 y 50.000
1507,Entre 40.000 y 50.000
1508,Entre 40.000 y 50.000
1510,Entre 37.500 y 40.000
1511,Menos de 20.000
1512,Entre 35.000 y 37.500
1513,Entre 20.000 y 25.000
1514,Entre 40.000 y 50.000
1515,Entre 37.500 y 40.000
1516,Entre 37.500 y 40.000
1517,Entre 40.000 y 50.000
1519,Menos de 20.000
1520,Entre 40.000 y 50.000
1521,Menos de 20.000
1522,Entre 35.000 y 37.500
1524,Entre 35.000 y 37.500
1525,Entre 35.000 y 37.500
1526,Menos de 20.000
1527,Entre 20.000 y 25.000
1531,Entre 20.000 y 25.000
1532,Entre 35.000 y 37.500
1534,Entre 40.000 y 50.000
1535,Entre 30.000 y 35.000
1536,Entre 40.000 y 50.000
1538,Entre 40.000 y 50.000
1540,Menos de 20.000
1542,Entre 40.000 y 50.000
1543,Menos de 20.000
1544,Entre 37.500 y 40.000
1545,Menos de 20.000
1546,Entre 35.000 y 37.500
1547,Entre 35.000 y 37.500
1548,Menos de 20.000
1552,Entre 20.000 y 25.000
1553,Entre 20.000 y 25.000
1554,Entre 30.000 y 35.000
1555,Entre 40.000 y 50.000
1556,Entre 37.500 y 40.000
1557,Menos de 20.000
1558,Entre 30.000 y 35.000
1561,Entre 25.000 y 30.000
1564,Entre 30.000 y 35.000
1565,Entre 35.000 y 37.500
1566,Entre 40.000 y 50.000
1567,Entre 40.000 y 50.000
1568,Entre 40.000 y 50.000
1569,Entre 40.000 y 50.000
1570,Entre 35.000 y 37.500
1571,Entre 40.000 y 50.000
1572,Entre 40.000 y 50.000
1573,Menos de 20.000
1574,Entre 30.000 y 35.000
1575,Entre 30.000 y 35.000
1576,Entre 40.000 y 50.000
1577,Entre 40.000 y 50.000
1578,Entre 40.000 y 50.000
1579,Entre 37.500 y 40.000
1580,Entre 20.000 y 25.000
1581,Menos de 20.000
1582,Entre 35.000 y 37.500
1583,Entre 37.500 y 40.000
1585,Entre 40.000 y 50.000
1586,Entre 37.500 y 40.000
1587,Entre 40.000 y 50.000
1589,Entre 40.000 y 50.000
1590,Entre 25.000 y 30.000
1592,Entre 40.000 y 50.000
1593,Entre 30.000 y 35.000
1594,Entre 35.000 y 37.500
1595,Entre 25.000 y 30.000
1596,Entre 20.000 y 25.000
1598,Entre 40.000 y 50.000
1599,Entre 35.000 y 37.500
1601,Entre 35.000 y 37.500
1602,Entre 30.000 y 35.000
1603,Entre 25.000 y 30.000
1605,Entre 40.000 y 50.000
1606,Entre 30.000 y 35.000
1609,Entre 25.000 y 30.000
1610,Entre 40.000 y 50.000
1611,Entre 37.500 y 40.000
1612,Entre 35.000 y 37.500
1613,Entre 40.000 y 50.000
1614,Entre 37.500 y 40.000
1615,Entre 40.000 y 50.000
1616,Entre 35.000 y 37.500
1617,Entre 35.000 y 37.500
1618,Entre 20.000 y 25.000
1619,Entre 35.000 y 37.500
1620,Entre 37.500 y 40.000
1621,Entre 37.500 y 40.000
1622,Entre 40.000 y 50.000
1623,Entre 35.000 y 37.500
1624,Entre 30.000 y 35.000
1625,Entre 20.000 y 25.000
1626,Entre 35.000 y 37.500
1627,Entre 37.500 y 40.000
1628,Entre 30.000 y 35.000
1630,Entre 40.000 y 50.000
1632,Entre 25.000 y 30.000
1633,Menos de 20.000
1634,Entre 35.000 y 37.500
1635,Entre 35.000 y 37.500
1636,Entre 35.000 y 37.500
1637,Entre 35.000 y 37.500
1638,Entre 35.000 y 37.500
1639,Entre 40.000 y 50.000
1640,Entre 37.500 y 40.000
1641,Entre 40.000 y 50.000
1642,Entre 40.000 y 50.000
1644,Entre 20.000 y 25.000
1645,Entre 35.000 y 37.500
1646,Menos de 20.000
1647,Entre 30.000 y 35.000
1648,Entre 20.000 y 25.000
1649,Entre 35.000 y 37.500
1650,Entre 35.000 y 37.500
1651,Entre 40.000 y 50.000
1652,Entre 37.500 y 40.000
1653,Entre 35.000 y 37.500
1654,Entre 30.000 y 35.000
1655,Entre 30.000 y 35.000
1657,Entre 40.000 y 50.000
1658,Entre 40.000 y 50.000
1659,Entre 40.000 y 50.000
1660,Entre 40.000 y 50.000
1661,Entre 37.500 y 40.000
1662,Entre 30.000 y 35.000
1663,Entre 20.000 y 25.000
1664,Entre 37.500 y 40.000
1665,Entre 40.000 y 50.000
1666,Entre 35.000 y 37.500
1667,Entre 30.000 y 35.000
1668,Entre 40.000 y 50.000
1669,Entre 30.000 y 35.000
1670,Entre 40.000 y 50.000
1671,Entre 40.000 y 50.000
1672,Entre 35.000 y 37.500
1674,Entre 20.000 y 25.000
1676,Entre 35.000 y 37.500
1677,Entre 25.000 y 30.000
1678,Entre 37.500 y 40.000
1679,Entre 35.000 y 37.500
1680,Entre 37.500 y 40.000
1681,Entre 37.500 y 40.000
1682,Entre 40.000 y 50.000
1685,Entre 35.000 y 37.500
1687,Entre 37.500 y 40.000
1688,Entre 20.000 y 25.000
1689,Entre 40.000 y 50.000
1690,Entre 37.500 y 40.000
1691,Entre 37.500 y 40.000
1692,Entre 25.000 y 30.000
1694,Entre 60.000 y 85.000
1695,Entre 35.000 y 37.500
1697,Entre 30.000 y 35.000
1698,Entre 35.000 y 37.500
1700,Entre 40.000 y 50.000
1701,Entre 20.000 y 25.000
1702,Entre 37.500 y 40.000
1703,Entre 40.000 y 50.000
1704,Entre 30.000 y 35.000
1705,Entre 40.000 y 50.000
1706,Entre 37.500 y 40.000
1707,Menos de 20.000
1708,Entre 35.000 y 37.500
1709,Entre 20.000 y 25.000
1710,Entre 35.000 y 37.500
1711,Entre 40.000 y 50.000
1712,Menos de 20.000
1713,Entre 37.500 y 40.000
1714,Entre 37.500 y 40.000
1715,Entre 40.000 y 50.000
1716,Entre 40.000 y 50.000
1717,Entre 40.000 y 50.000
1718,Entre 35.000 y 37.500
1719,Entre 35.000 y 37.500
1720,Entre 40.000 y 50.000
1721,Entre 35.000 y 37.500
1722,Entre 40.000 y 50.000
1725,Entre 35.000 y 37.500
1727,Entre 30.000 y 35.000
1728,Menos de 20.000
1729,Entre 35.000 y 37.500
1730,Entre 40.000 y 50.000
1731,Entre 25.000 y 30.000
1732,Entre 35.000 y 37.500
1733,Entre 35.000 y 37.500
1734,Entre 20.000 y 25.000
1735,Entre 35.000 y 37.500
1736,Entre 40.000 y 50.000
1737,Entre 20.000 y 25.000
1738,Entre 25.000 y 30.000
1739,Menos de 20.000
1740,Menos de 20.000
1741,Entre 35.000 y 37.500
1742,Entre 25.000 y 30.000
1744,Entre 37.500 y 40.000
1745,Entre 35.000 y 37.500
1746,Entre 25.000 y 30.000
1747,Entre 40.000 y 50.000
1748,Entre 40.000 y 50.000
1751,Entre 35.000 y 37.500
1755,Menos de 20.000
1756,Entre 40.000 y 50.000
1757,Entre 40.000 y 50.000
1759,Entre 30.000 y 35.000
1760,Menos de 20.000
1761,Entre 35.000 y 37.500
1762,Entre 37.500 y 40.000
1763,Entre 37.500 y 40.000
1764,Menos de 20.000
1765,Entre 37.500 y 40.000
1766,Entre 20.000 y 25.000
1767,Entre 37.500 y 40.000
1768,Entre 37.500 y 40.000
1769,Entre 35.000 y 37.500
1772,Entre 50.000 y 60.000
1773,Entre 30.000 y 35.000
1774,Entre 35.000 y 37.500
1775,Entre 37.500 y 40.000
1776,Entre 30.000 y 35.000
1777,Entre 30.000 y 35.000
1778,Menos de 20.000
1779,Entre 37.500 y 40.000
1781,Menos de 20.000
1782,Entre 40.000 y 50.000
1783,Entre 30.000 y 35.000
1784,Entre 30.000 y 35.000
1785,Entre 25.000 y 30.000
1786,Entre 20.000 y 25.000
1787,Entre 30.000 y 35.000
1788,Entre 40.000 y 50.000
1789,Entre 30.000 y 35.000
1790,Entre 37.500 y 40.000
1791,Entre 37.500 y 40.000
1793,Entre 30.000 y 35.000
1794,Entre 20.000 y 25.000
1796,Entre 30.000 y 35.000
1797,Entre 40.000 y 50.000
1798,Entre 25.000 y 30.000
1800,Entre 35.000 y 37.500
1801,Entre 37.500 y 40.000
1803,Entre 37.500 y 40.000
1804,Entre 35.000 y 37.500
1805,Entre 20.000 y 25.000
1806,Entre 35.000 y 37.500
1808,Entre 37.500 y 40.000
1809,Entre 37.500 y 40.000
1810,Entre 37.500 y 40.000
1811,Entre 40.000 y 50.000
1812,Menos de 20.000
1813,Entre 40.000 y 50.000
1814,Menos de 20.000
1815,Entre 37.500 y 40.000
1816,Entre 20.000 y 25.000
1817,Entre 35.000 y 37.500
1818,Entre 37.500 y 40.000
1819,Entre 30.000 y 35.000
1820,Entre 30.000 y 35.000
1821,Entre 30.000 y 35.000
1822,Entre 35.000 y 37.500
1823,Entre 30.000 y 35.000
1826,Menos de 20.000
1827,Entre 35.000 y 37.500
1829,Entre 30.000 y 35.000
1830,Entre 37.500 y 40.000
1831,Entre 40.000 y 50.000
1832,Entre 37.500 y 40.000
1833,Entre 37.500 y 40.000
1835,Entre 37.500 y 40.000
1836,Entre 35.000 y 37.500
1837,Entre 37.500 y 40.000
1839,Entre 35.000 y 37.500
1840,Entre 37.500 y 40.000
1841,Entre 35.000 y 37.500
1843,Menos de 20.000
1844,Entre 37.500 y 40.000
1845,Entre 37.500 y 40.000
1847,Entre 30.000 y 35.000
1848,Entre 35.000 y 37.500
1849,Entre 40.000 y 50.000
1850,Entre 40.000 y 50.000
1853,Entre 37.500 y 40.000
1854,Entre 35.000 y 37.500
1855,Entre 37.500 y 40.000
1857,Entre 40.000 y 50.000
1858,Entre 40.000 y 50.000
1859,Entre 37.500 y 40.000
1861,Entre 37.500 y 40.000
1864,Entre 35.000 y 37.500
1865,Entre 35.000 y 37.500
1867,Entre 37.500 y 40.000
1868,Entre 37.500 y 40.000
1871,Entre 35.000 y 37.500
1874,Entre 37.500 y 40.000
1875,Entre 37.500 y 40.000
1876,Entre 40.000 y 50.000
1877,Entre 37.500 y 40.000
1878,Entre 37.500 y 40.000
1879,Entre 40.000 y 50.000
1880,Entre 20.000 y 25.000
1881,Entre 40.000 y 50.000
1882,Entre 37.500 y 40.000
1883,Entre 35.000 y 37.500
1884,Menos de 20.000
1886,Entre 40.000 y 50.000
1888,Menos de 20.000
1889,Entre 35.000 y 37.500
1890,Entre 30.000 y 35.000
1891,Entre 30.000 y 35.000
1893,Entre 37.500 y 40.000
1895,Entre 30.000 y 35.000
1896,Entre 25.000 y 30.000
1897,Entre 25.000 y 30.000
1912,Entre 30.000 y 35.000
1925,Entre 30.000 y 35.000
1926,Menos de 20.000
1927,Entre 30.000 y 35.000
1929,Entre 20.000 y 25.000
1932,Entre 40.000 y 50.000
1934,Entre 30.000 y 35.000
1936,Entre 20.000 y 25.000
1937,Entre 35.000 y 37.500
1939,Entre 30.000 y 35.000
1942,Entre 50.000 y 60.000
1943,Entre 30.000 y 35.000
1944,Entre 30.000 y 35.000
1945,Entre 25.000 y 30.000
1946,Entre 37.500 y 40.000
1947,Entre 37.500 y 40.000
1948,Entre 30.000 y 35.000
1949,Menos de 20.000
1950,Entre 37.500 y 40.000
1951,Entre 37.500 y 40.000
1953,Entre 37.500 y 40.000
1954,Entre 30.000 y 35.000
1955,Entre 37.500 y 40.000
1956,Entre 30.000 y 35.000
1957,Entre 37.500 y 40.000
1958,Entre 37.500 y 40.000
1959,Menos de 20.000
1961,Entre 30.000 y 35.000
1963,Entre 37.500 y 40.000
1964,Entre 37.500 y 40.000
1965,Menos de 20.000
1968,Entre 30.000 y 35.000
1971,Menos de 20.000
1973,Entre 37.500 y 40.000
1974,Entre 20.000 y 25.000
1975,Entre 30.000 y 35.000
1977,Entre 40.000 y 50.000
1978,Entre 40.000 y 50.000
1979,Entre 30.000 y 35.000
1980,Entre 20.000 y 25.000
1984,Entre 20.000 y 25.000
1985,Entre 30.000 y 35.000
1987,Entre 40.000 y 50.000
1990,Entre 40.000 y 50.000
1991,Entre 37.500 y 40.000
1992,Entre 40.000 y 50.000
1993,Menos de 20.000
1994,Entre 37.500 y 40.000
1997,Menos de 20.000
1998,Menos de 20.000
1999,Entre 40.000 y 50.000
2002,Entre 40.000 y 50.000
2003,Entre 40.000 y 50.000
2004,Entre 60.000 y 85.000
2005,Entre 40.000 y 50.000
2008,Entre 40.000 y 50.000
2010,Entre 40.000 y 50.000
2014,Entre 37.500 y 40.000
2016,Entre 40.000 y 50.000
2021,Entre 40.000 y 50.000
2022,Entre 40.000 y 50.000
2024,Entre 20.000 y 25.000
2030,Entre 40.000 y 50.000
2032,Entre 40.000 y 50.000
2033,Entre 25.000 y 30.000
2034,Entre 40.000 y 50.000
2036,Entre 40.000 y 50.000
2037,Entre 40.000 y 50.000
2042,Entre 40.000 y 50.000
2044,Entre 40.000 y 50.000
2045,Entre 40.000 y 50.000
2046,Entre 40.000 y 50.000
2048,Entre 40.000 y 50.000
2049,Entre 37.500 y 40.000
2050,Entre 40.000 y 50.000
2052,Entre 40.000 y 50.000
2054,Entre 37.500 y 40.000
2055,Entre 40.000 y 50.000
2056,Entre 40.000 y 50.000
2057,Menos de 20.000
2058,Entre 40.000 y 50.000
2059,Entre 40.000 y 50.000
2060,Menos de 20.000
2061,Entre 40.000 y 50.000
2063,Entre 37.500 y 40.000
2064,Entre 40.000 y 50.000
2065,Entre 30.000 y 35.000
2066,Entre 40.000 y 50.000
2068,Entre 35.000 y 37.500
2069,Entre 40.000 y 50.000
2070,Entre 40.000 y 50.000
2072,Entre 40.000 y 50.000
2073,Entre 30.000 y 35.000
2074,Entre 37.500 y 40.000
2077,Entre 37.500 y 40.000
2078,Entre 40.000 y 50.000
2080,Entre 40.000 y 50.000
2086,Entre 35.000 y 37.500
2087,Entre 30.000 y 35.000
2088,Entre 20.000 y 25.000
2089,Entre 37.500 y 40.000
2090,Entre 37.500 y 40.000
2094,Entre 20.000 y 25.000
2095,Entre 40.000 y 50.000
2096,Entre 20.000 y 25.000
2097,Entre 37.500 y 40.000
2098,Entre 35.000 y 37.500
2102,Entre 35.000 y 37.500
2108,Entre 37.500 y 40.000
2109,Entre 20.000 y 25.000
2111,Menos de 20.000
2113,Entre 40.000 y 50.000
2114,Entre 30.000 y 35.000
2115,Entre 35.000 y 37.500
2116,Entre 37.500 y 40.000
2117,Entre 37.500 y 40.000
2119,Entre 35.000 y 37.500
2120,Entre 30.000 y 35.000
2122,Menos de 20.000
2123,Entre 35.000 y 37.500
2125,Entre 35.000 y 37.500
2126,Entre 40.000 y 50.000
2127,Entre 30.000 y 35.000
2130,Entre 30.000 y 35.000
2131,Entre 30.000 y 35.000
2133,Entre 40.000 y 50.000
2135,Menos de 20.000
2136,Entre 25.000 y 30.000
2137,Entre 37.500 y 40.000
2141,Entre 35.000 y 37.500
2144,Entre 35.000 y 37.500
2151,Entre 37.500 y 40.000
2152,Menos de 20.000
2154,Menos de 20.000
2155,Menos de 20.000
2156,Entre 60.000 y 85.000
2157,Entre 40.000 y 50.000
2158,Entre 20.000 y 25.000
2159,Menos de 20.000
2160,Entre 37.500 y 40.000
2162,Entre 30.000 y 35.000
2163,Entre 37.500 y 40.000
2164,Entre 25.000 y 30.000
2165,Entre 30.000 y 35.000
2169,Entre 40.000 y 50.000
2171,Entre 37.500 y 40.000
2172,Entre 35.000 y 37.500
2175,Entre 30.000 y 35.000
2177,Entre 25.000 y 30.000
2179,Entre 35.000 y 37.500
2180,Entre 37.500 y 40.000
2181,Entre 30.000 y 35.000
2183,Entre 35.000 y 37.500
2186,Entre 37.500 y 40.000
2187,Entre 35.000 y 37.500
2188,Entre 37.500 y 40.000
2191,Entre 40.000 y 50.000
2192,Entre 20.000 y 25.000
2194,Entre 37.500 y 40.000
2199,Entre 37.500 y 40.000
2206,Menos de 20.000
2213,Entre 35.000 y 37.500
2215,Entre 37.500 y 40.000
2219,Entre 37.500 y 40.000
2223,Entre 35.000 y 37.500
2234,Entre 35.000 y 37.500
2253,Entre 40.000 y 50.000
2266,Menos de 20.000
2271,Entre 40.000 y 50.000
2275,Entre 37.500 y 40.000
2282,Menos de 20.000
2284,Entre 35.000 y 37.500
2290,Entre 35.000 y 37.500
2291,Entre 37.500 y 40.000
2295,Entre 30.000 y 35.000
2298,Entre 37.500 y 40.000
2302,Entre 30.000 y 35.000
2303,Entre 20.000 y 25.000
2309,Entre 30.000 y 35.000
2312,Entre 30.000 y 35.000
2313,Entre 30.000 y 35.000
2315,Entre 20.000 y 25.000
2317,Entre 30.000 y 35.000
2320,Entre 25.000 y 30.000
2323,Entre 30.000 y 35.000
2325,Entre 35.000 y 37.500
2327,Entre 37.500 y 40.000
2332,Entre 35.000 y 37.500
2333,Entre 25.000 y 30.000
2334,Entre 30.000 y 35.000
2335,Entre 25.000 y 30.000
2337,Entre 35.000 y 37.500
2346,Entre 40.000 y 50.000
2353,Menos de 20.000
2356,Entre 30.000 y 35.000
2359,Entre 30.000 y 35.000
2367,Menos de 20.000
2370,Menos de 20.000
2374,Entre 30.000 y 35.000
2388,Entre 35.000 y 37.500
2393,Entre 37.500 y 40.000
2395,Entre 37.500 y 40.000
2402,Entre 35.000 y 37.500
2405,Entre 40.000 y 50.000
2414,Entre 35.000 y 37.500
2419,Entre 37.500 y 40.000
2420,Entre 35.000 y 37.500
2421,Entre 25.000 y 30.000
2434,Entre 37.500 y 40.000
2435,Entre 30.000 y 35.000
2442,Entre 37.500 y 40.000
2451,Entre 35.000 y 37.500
2454,Entre 37.500 y 40.000
2475,Entre 25.000 y 30.000
2478,Entre 30.000 y 35.000
2481,Entre 30.000 y 35.000
2486,Entre 30.000 y 35.000
2494,Entre 25.000 y 30.000
2498,Entre 37.500 y 40.000
2499,Menos de 20.000
2502,Entre 37.500 y 40.000
2509,Entre 20.000 y 25.000
2555,Entre 30.000 y 35.000
2573,Entre 20.000 y 25.000
2584,Entre 35.000 y 37.500
2619,Entre 37.500 y 40.000
2634,Entre 35.000 y 37.500
2638,Entre 40.000 y 50.000
2639,Entre 37.500 y 40.000
2640,Entre 35.000 y 37.500
2642,Entre 37.500 y 40.000
2644,Entre 30.000 y 35.000
2654,Entre 30.000 y 35.000
2660,Entre 37.500 y 40.000
2680,Entre 37.500 y 40.000
2685,Entre 30.000 y 35.000
2690,Entre 37.500 y 40.000
2721,Entre 37.500 y 40.000
2766,Entre 25.000 y 30.000
2770,Entre 35.000 y 37.500
2805,Entre 35.000 y 37.500
2819,Entre 40.000 y 50.000
2844,Entre 35.000 y 37.500
2900,Entre 30.000 y 35.000
2930,Entre 30.000 y 35.000
2934,Entre 30.000 y 35.000
2956,Entre 50.000 y 60.000
3386,Entre 25.000 y 30.000
3417,Entre 30.000 y 35.000
3431,Entre 30.000 y 35.000
3462,Entre 37.500 y 40.000
3470,Entre 37.500 y 40.000
3471,Entre 35.000 y 37.500
3483,Entre 30.000 y 35.000
3518,Entre 20.000 y 25.000
3654,Entre 20.000 y 25.000
3665,Entre 35.000 y 37.500
3689,Entre 37.500 y 40.000
4070,Menos de 20.000
4072,Entre 35.000 y 37.500
4087,Entre 35.000 y 37.500
4154,Entre 30.000 y 35.000
4167,Entre 37.500 y 40.000
4179,Entre 37.500 y 40.000
4232,Entre 30.000 y 35.000
4268,Entre 30.000 y 35.000
4331,Entre 35.000 y 37.500
4397,Entre 37.500 y 40.000
4446,Entre 30.000 y 35.000
4491,Entre 30.000 y 35.000
4508,Entre 30.000 y 35.000
4513,Entre 35.000 y 37.500
4548,Entre 35.000 y 37.500
4707,Entre 35.000 y 37.500
4708,Entre 37.500 y 40.000
4714,Entre 35.000 y 37.500
4731,Entre 40.000 y 50.000
4737,Entre 35.000 y 37.500
4740,Entre 35.000 y 37.500
4741,Entre 35.000 y 37.500
4963,Entre 30.000 y 35.000
5004,Entre 30.000 y 35.000
5024,Entre 35.000 y 37.500
5051,Entre 35.000 y 37.500
5141,Entre 30.000 y 35.000
5190,Entre 35.000 y 37.500
5214,Entre 30.000 y 35.000
5223,Entre 30.000 y 35.000
5271,Entre 30.000 y 35.000
5275,Entre 50.000 y 60.000
5335,Entre 30.000 y 35.000
5355,Entre 30.000 y 35.000
5469,Entre 30.000 y 35.000
5477,Menos de 20.000
5486,Entre 25.000 y 30.000
5619,Entre 30.000 y 35.000
5626,Entre 30.000 y 35.000
5634,Entre 37.500 y 40.000
5651,Entre 30.000 y 35.000
5667,Menos de 20.000
5675,Entre 30.000 y 35.000
5697,Entre 35.000 y 37.500
5710,Entre 25.000 y 30.000
5712,Entre 35.000 y 37.500
5776,Entre 35.000 y 37.500
5786,Entre 35.000 y 37.500
5789,Entre 35.000 y 37.500
5809,Entre 35.000 y 37.500
5814,Entre 35.000 y 37.500
5820,Entre 20.000 y 25.000
5837,Entre 35.000 y 37.500
5875,Menos de 20.000
5903,Entre 20.000 y 25.000
5928,Entre 30.000 y 35.000
5933,Entre 20.000 y 25.000
5936,Entre 35.000 y 37.500
5938,Entre 30.000 y 35.000
5940,Entre 30.000 y 35.000
5948,Entre 35.000 y 37.500
5949,Entre 35.000 y 37.500
5956,Entre 37.500 y 40.000
5990,Menos de 20.000
5994,Entre 30.000 y 35.000
5998,Entre 35.000 y 37.500
6003,Entre 30.000 y 35.000
6083,Entre 30.000 y 35.000
6084,Entre 30.000 y 35.000
6182,Entre 30.000 y 35.000
6215,Entre 30.000 y 35.000
6216,Entre 30.000 y 35.000
6222,Menos de 20.000
6239,Entre 30.000 y 35.000
6262,Entre 35.000 y 37.500
6266,Entre 35.000 y 37.500
6269,Entre 30.000 y 35.000
6283,Entre 30.000 y 35.000
6305,Entre 30.000 y 35.000
6358,Entre 30.000 y 35.000
6388,Entre 35.000 y 37.500
6389,Entre 35.000 y 37.500
6392,Entre 30.000 y 35.000
6433,Entre 30.000 y 35.000
6445,Entre 30.000 y 35.000
6469,Entre 30.000 y 35.000
6526,Entre 30.000 y 35.000
6531,Entre 30.000 y 35.000
6532,Entre 30.000 y 35.000
6534,Entre 30.000 y 35.000
6543,Entre 30.000 y 35.000
6544,Entre 37.500 y 40.000
6549,Entre 30.000 y 35.000
6554,Entre 20.000 y 25.000
6555,Entre 30.000 y 35.000
6557,Entre 35.000 y 37.500
6563,Entre 35.000 y 37.500
6566,Entre 30.000 y 35.000
6569,Entre 30.000 y 35.000
6586,Entre 35.000 y 37.500
6615,Entre 35.000 y 37.500
6657,Entre 30.000 y 35.000
6671,Entre 25.000 y 30.000
6682,Entre 30.000 y 35.000
6695,Entre 35.000 y 37.500
6715,Entre 30.000 y 35.000
6734,Entre 30.000 y 35.000
6803,Entre 35.000 y 37.500
6807,Entre 35.000 y 37.500
6882,Entre 30.000 y 35.000
6885,Entre 30.000 y 35.000
6886,Menos de 20.000
6911,Entre 30.000 y 35.000
6938,Entre 30.000 y 35.000
6952,Entre 30.000 y 35.000
6980,Entre 35.000 y 37.500
6994,Entre 35.000 y 37.500
6995,Entre 35.000 y 37.500
7044,Entre 35.000 y 37.500
7189,Entre 30.000 y 35.000
7458,Entre 20.000 y 25.000
7459,Entre 20.000 y 25.000
7460,Entre 20.000 y 25.000
7461,Entre 20.000 y 25.000
7462,Entre 20.000 y 25.000
7885,Menos de 20.000
6269,Centro 7
6283,Centro 7
6305,Centro 4
6358,Centro 6
6388,Centro 12
6389,Centro 7
6392,Centro 1
6433,Centro 1
6445,Centro 4
6469,Centro 4
6526,Centro 7
6531,Centro 1
6532,Centro 7
6534,Centro 4
6543,Centro 11
6544,Centro 12
6544,Centro 12
6549,Centro 2
6554,Centro 4
6555,Centro 3
6557,Centro 4
6563,Centro 3
6566,Centro 3
6569,Centro 3
6586,Centro 5
6615,Centro 2
6657,Centro 1
6671,Centro 2
6682,Centro 7
6682,Centro 7
6695,Centro 4
6715,Centro 6
6734,Centro 1
6803,Centro 5
6807,Centro 5
6882,Centro 3
6885,Centro 7
6886,Centro 6
6911,Centro 2
6938,Centro 2
6952,Centro 7
6952,Centro 7
6980,Centro 6
6994,Centro 6
6995,Centro 7
7044,Centro 6
7189,Centro 4
7458,Centro 1
7459,Centro 9
7460,Centro 7
7461,Centro 7
7462,Centro 7
7885,Centro 11
